{"cameraMode":{"drawMode":0,"name":"Shaded","section":"Shading Mode"},"sceneLighting":false,"audioPlay":false,"sceneViewState":{"showFog":true,"showMaterialUpdate":false,"showSkybox":true,"showFlares":true,"showImageEffects":true,"showParticleSystems":true},"in2DMode":false,"pivot":{"x":95.9110107421875,"y":-6.196197509765625,"z":-40.13440704345703},"rotation":{"x":-0.008114073425531388,"y":0.9681941270828247,"z":-0.24805566668510438,"w":-0.031670402735471728},"size":83.19490814208985,"orthographic":false}