{"cameraMode":{"drawMode":0,"name":"Shaded","section":"Shading Mode"},"sceneLighting":false,"audioPlay":false,"sceneViewState":{"showFog":true,"showMaterialUpdate":false,"showSkybox":false,"showFlares":true,"showImageEffects":true,"showParticleSystems":true},"in2DMode":false,"pivot":{"x":0.8020164966583252,"y":1.682447075843811,"z":3.181760787963867},"rotation":{"x":-0.05436326563358307,"y":-0.31443262100219729,"z":0.018039649352431299,"w":-0.947551965713501},"size":2.7247447967529299,"orthographic":false}