{"cameraMode":{"drawMode":0,"name":"Shaded","section":"Shading Mode"},"sceneLighting":false,"audioPlay":false,"sceneViewState":{"showFog":true,"showMaterialUpdate":false,"showSkybox":true,"showFlares":true,"showImageEffects":true,"showParticleSystems":true},"in2DMode":false,"pivot":{"x":1.2344260215759278,"y":2.3905656337738039,"z":-6.591920852661133},"rotation":{"x":-0.1355041265487671,"y":0.7984806299209595,"z":-0.19566361606121064,"w":-0.552976667881012},"size":2.7247447967529299,"orthographic":false}