{"cameraMode":{"drawMode":0,"name":"Shaded","section":"Shading Mode"},"sceneLighting":false,"audioPlay":false,"sceneViewState":{"showFog":true,"showMaterialUpdate":false,"showSkybox":true,"showFlares":true,"showImageEffects":true,"showParticleSystems":true},"in2DMode":false,"pivot":{"x":3.924144983291626,"y":6.7648186683654789,"z":-5.732421875},"rotation":{"x":0.032865121960639957,"y":0.088337242603302,"z":-0.002916156779974699,"w":0.9955468773841858},"size":9.154410362243653,"orthographic":true}