{"cameraMode":{"drawMode":0,"name":"Shaded","section":"Shading Mode"},"sceneLighting":false,"audioPlay":false,"sceneViewState":{"showFog":true,"showMaterialUpdate":false,"showSkybox":false,"showFlares":true,"showImageEffects":true,"showParticleSystems":true},"in2DMode":false,"pivot":{"x":1.5433380603790284,"y":1.9068107604980469,"z":2.4630794525146486},"rotation":{"x":-0.2756267189979553,"y":0.2354249656200409,"z":-0.06982038170099259,"w":-0.9293729662895203},"size":2.7247447967529299,"orthographic":false}