{"cameraMode":{"drawMode":0,"name":"Shaded","section":"Shading Mode"},"sceneLighting":false,"audioPlay":false,"sceneViewState":{"showFog":true,"showMaterialUpdate":false,"showSkybox":true,"showFlares":true,"showImageEffects":true,"showParticleSystems":true},"in2DMode":false,"pivot":{"x":12.946727752685547,"y":12.500001907348633,"z":-13.444558143615723},"rotation":{"x":0.11151059716939926,"y":0.49447381496429446,"z":-0.06414374709129334,"w":0.8596233129501343},"size":15.804160118103028,"orthographic":true}